desgination in screen,PATRIC genome ID,Taxonomy
Akkermansia muciniphila,239935.2174,SAMN11943001
Akkermansia muciniphila,239935.2173,SAMN11943002
Akkermansia muciniphila,239935.2172,SAMN11943005
Akkermansia muciniphila,239935.2171,SAMN11943003
Akkermansia muciniphila,239935.2170,SAMN11943004
Akkermansia muciniphila,239935.2169,SAMN11943006
Akkermansia muciniphila,239935.2168,SAMN11943007
Akkermansia muciniphila,239935.2167,SAMN11943008
Akkermansia muciniphila,239935.2166,SAMN11943009
Akkermansia muciniphila,239935.2165,SAMN11943011
Akkermansia muciniphila,239935.2164,SAMN11943013
Akkermansia muciniphila,239935.2163,SAMN11943014
Akkermansia muciniphila,239935.2162,SAMN11943015
Akkermansia muciniphila,239935.2161,SAMN11943016
Akkermansia muciniphila,239935.2160,SAMN11943018
Akkermansia muciniphila,239935.2159,SAMN11943017
Akkermansia muciniphila,239935.2158,SAMN11943019
Akkermansia muciniphila,239935.2157,SAMN11943020
Akkermansia muciniphila,239935.2156,SAMN11943022
Akkermansia muciniphila,239935.2155,SAMN11943021
Akkermansia muciniphila,239935.2154,SAMN11943023
Akkermansia muciniphila,239935.2153,SAMN11943025
Akkermansia muciniphila,239935.2152,SAMN11943024
Akkermansia muciniphila,239935.2151,SAMN11943028
Akkermansia muciniphila,239935.2150,SAMN11943026
Akkermansia muciniphila,239935.2149,SAMN11943027
Akkermansia muciniphila,239935.2148,SAMN11943029
Akkermansia muciniphila,239935.2147,SAMN11943031
Akkermansia muciniphila,239935.2146,SAMN11943033
Akkermansia muciniphila,239935.2145,SAMN11943030
Akkermansia muciniphila,239935.2144,SAMN11943032
Akkermansia muciniphila,239935.2141,SAMN11943035
Akkermansia muciniphila,239935.2142,SAMN11943034
Akkermansia muciniphila,239935.2143,SAMN11943038
Akkermansia muciniphila,239935.2140,SAMN11943037
Akkermansia muciniphila,239935.2139,SAMN11943036
Akkermansia muciniphila,239935.2138,SAMN11943042
Akkermansia muciniphila,239935.2136,SAMN11943041
Akkermansia muciniphila,239935.2137,SAMN11943040
Akkermansia muciniphila,239935.2135,SAMN11943039
Akkermansia muciniphila,239935.2134,SAMN11943043
Akkermansia muciniphila,239935.2133,SAMN11943044
Akkermansia muciniphila,239935.2132,SAMN11943045
Akkermansia sp. BIOML-A1,2584557.3,SAMN11943046
Akkermansia sp. BIOML-A10,2584566.3,SAMN11943055
Akkermansia sp. BIOML-A11,2584567.3,SAMN11943056
Akkermansia sp. BIOML-A12,2584568.3,SAMN11943057
Akkermansia sp. BIOML-A13,2584569.3,SAMN11943058
Akkermansia sp. BIOML-A14,2584570.3,SAMN11943059
Akkermansia sp. BIOML-A15,2584571.3,SAMN11943060
Akkermansia sp. BIOML-A16,2584572.3,SAMN11943061
Akkermansia sp. BIOML-A17,2584573.3,SAMN11943062
Akkermansia sp. BIOML-A18,2584574.3,SAMN11943063
Akkermansia sp. BIOML-A19,2584575.3,SAMN11943064
Akkermansia sp. BIOML-A2,2584558.3,SAMN11943047
Akkermansia sp. BIOML-A20,2584576.3,SAMN11943065
Akkermansia sp. BIOML-A21,2584577.3,SAMN11943066
Akkermansia sp. BIOML-A22,2584578.3,SAMN11943067
Akkermansia sp. BIOML-A23,2584579.3,SAMN11943068
Akkermansia sp. BIOML-A24,2584580.3,SAMN11943069
Akkermansia sp. BIOML-A25,2584581.3,SAMN11943070
Akkermansia sp. BIOML-A26,2584582.3,SAMN11943071
Akkermansia sp. BIOML-A27,2584583.3,SAMN11943072
Akkermansia sp. BIOML-A28,2584584.3,SAMN11943073
Akkermansia sp. BIOML-A29,2584585.3,SAMN11943074
Akkermansia sp. BIOML-A3,2584559.3,SAMN11943048
Akkermansia sp. BIOML-A30,2584586.3,SAMN11943075
Akkermansia sp. BIOML-A31,2584587.3,SAMN11943076
Akkermansia sp. BIOML-A32,2584588.3,SAMN11943077
Akkermansia sp. BIOML-A33,2584589.3,SAMN11943078
Akkermansia sp. BIOML-A34,2584590.3,SAMN11943079
Akkermansia sp. BIOML-A35,2584591.3,SAMN11943080
Akkermansia sp. BIOML-A36,2584592.3,SAMN11943081
Akkermansia sp. BIOML-A37,2584593.3,SAMN11943082
Akkermansia sp. BIOML-A38,2584594.3,SAMN11943083
Akkermansia sp. BIOML-A39,2584595.3,SAMN11943084
Akkermansia sp. BIOML-A4,2584560.3,SAMN11943049
Akkermansia sp. BIOML-A40,2584596.3,SAMN11943085
Akkermansia sp. BIOML-A41,2584597.3,SAMN11943086
Akkermansia sp. BIOML-A42,2584598.3,SAMN11943087
Akkermansia sp. BIOML-A43,2584599.3,SAMN11943088
Akkermansia sp. BIOML-A44,2584600.3,SAMN11943089
Akkermansia sp. BIOML-A45,2584601.3,SAMN11943090
Akkermansia sp. BIOML-A46,2584602.3,SAMN11943091
Akkermansia sp. BIOML-A47,2584603.3,SAMN11943092
Akkermansia sp. BIOML-A48,2584604.3,SAMN11943093
Akkermansia sp. BIOML-A49,2584605.3,SAMN11943094
Akkermansia sp. BIOML-A5,2584561.3,SAMN11943050
Akkermansia sp. BIOML-A50,2584606.3,SAMN11943095
Akkermansia sp. BIOML-A51,2584607.3,SAMN11943096
Akkermansia sp. BIOML-A52,2584608.3,SAMN11943097
Akkermansia sp. BIOML-A53,2584609.3,SAMN11943098
Akkermansia sp. BIOML-A54,2584610.3,SAMN11943099
Akkermansia sp. BIOML-A55,2584611.3,SAMN11943100
Akkermansia sp. BIOML-A56,2584612.3,SAMN11943101
Akkermansia sp. BIOML-A57,2584613.3,SAMN11943102
Akkermansia sp. BIOML-A58,2584614.3,SAMN11943103
Akkermansia sp. BIOML-A59,2584615.3,SAMN11943104
Akkermansia sp. BIOML-A6,2584562.3,SAMN11943051
Akkermansia sp. BIOML-A60,2584616.3,SAMN11943105
Akkermansia sp. BIOML-A61,2584617.3,SAMN11943106
Akkermansia sp. BIOML-A62,2584618.3,SAMN11943107
Akkermansia sp. BIOML-A63,2584619.3,SAMN11943108
Akkermansia sp. BIOML-A64,2584620.3,SAMN11943109
Akkermansia sp. BIOML-A65,2584621.3,SAMN11943110
Akkermansia sp. BIOML-A66,2584622.3,SAMN11943111
Akkermansia sp. BIOML-A67,2584623.3,SAMN11943112
Akkermansia sp. BIOML-A7,2584563.3,SAMN11943052
Akkermansia sp. BIOML-A8,2584564.3,SAMN11943053
Akkermansia sp. BIOML-A9,2584565.3,SAMN11943054
Alistipes finegoldii,214856.2116,SAMN11943113
Alistipes indistinctus,626932.159,SAMN11943115
Alistipes shahii,328814.919,SAMN11943384
Alistipes shahii,328814.920,SAMN11943383
Anaerostipes hadrus,649756.2497,SAMN11943385
Bacillus cereus,1396.2511,SAMN11943386
Bacteroides caccae,47678.882,SAMN11943387
Bacteroides caccae,47678.881,SAMN11943388
Bacteroides caccae,47678.873,SAMN11943396
Bacteroides caccae,47678.872,SAMN11943398
Bacteroides caccae,47678.871,SAMN11943400
Bacteroides caccae,47678.880,SAMN11943389
Bacteroides caccae,47678.879,SAMN11943390
Bacteroides caccae,47678.878,SAMN11943391
Bacteroides caccae,47678.877,SAMN11943392
Bacteroides caccae,47678.876,SAMN11943393
Bacteroides caccae,47678.875,SAMN11943395
Bacteroides caccae,47678.874,SAMN11943399
Bacteroides caccae,47678.899,SAMN11943401
Bacteroides caccae,47678.900,SAMN11943402
Bacteroides caccae,47678.898,SAMN11943403
Bacteroides caccae,47678.897,SAMN11943404
Bacteroides caccae,47678.895,SAMN11943405
Bacteroides caccae,47678.893,SAMN11943408
Bacteroides caccae,47678.894,SAMN11943407
Bacteroides caccae,47678.892,SAMN11943409
Bacteroides caccae,47678.891,SAMN11943410
Bacteroides caccae,47678.890,SAMN11943411
Bacteroides caccae,47678.889,SAMN11943412
Bacteroides caccae,47678.888,SAMN11943413
Bacteroides caccae,47678.896,SAMN11943406
Bacteroides caccae,47678.887,SAMN11943414
Bacteroides caccae,47678.886,SAMN11943415
Bacteroides caccae,47678.885,SAMN11943416
Bacteroides caccae,47678.884,SAMN11943417
Bacteroides caccae,47678.883,SAMN11943418
Bacteroides cellulosilyticus,246787.463,SAMN11943424
Bacteroides cellulosilyticus,246787.462,SAMN11943425
Bacteroides cellulosilyticus,246787.461,SAMN11943426
Bacteroides cellulosilyticus,246787.464,SAMN11943423
Bacteroides cellulosilyticus,246787.466,SAMN11943421
Bacteroides cellulosilyticus,246787.465,SAMN11943419
Bacteroides cellulosilyticus,246787.467,SAMN11943420
Bacteroides dorei,357276.947,SAMN11943427
Bacteroides dorei,357276.944,SAMN11943431
Bacteroides dorei,357276.946,SAMN11943429
Bacteroides dorei,357276.945,SAMN11943430
Bacteroides dorei,357276.942,SAMN11943432
Bacteroides dorei,357276.943,SAMN11943434
Bacteroides dorei,357276.940,SAMN11943433
Bacteroides dorei,357276.938,SAMN11943437
Bacteroides dorei,357276.937,SAMN11943438
Bacteroides dorei,357276.936,SAMN11943439
Bacteroides dorei,357276.935,SAMN11943440
Bacteroides dorei,357276.934,SAMN11943441
Bacteroides dorei,357276.933,SAMN11943442
Bacteroides dorei,357276.932,SAMN11943444
Bacteroides dorei,357276.931,SAMN11943443
Bacteroides dorei,357276.930,SAMN11943445
Bacteroides dorei,357276.929,SAMN11943446
Bacteroides dorei,357276.928,SAMN11943447
Bacteroides dorei,357276.926,SAMN11943451
Bacteroides dorei,357276.927,SAMN11943448
Bacteroides dorei,357276.939,SAMN11943435
Bacteroides dorei,357276.923,SAMN11943452
Bacteroides dorei,357276.924,SAMN11943449
Bacteroides dorei,357276.925,SAMN11943450
Bacteroides dorei,357276.941,SAMN11943436
Bacteroides eggerthii,28111.398,SAMN11943453
Bacteroides eggerthii,28111.397,SAMN11943454
Bacteroides faecis,674529.166,SAMN11943459
Bacteroides faecis,674529.164,SAMN11943460
Bacteroides faecis,674529.165,SAMN11943456
Bacteroides faecis,674529.162,SAMN11943457
Bacteroides faecis,674529.161,SAMN11943458
Bacteroides faecis,674529.163,SAMN11943455
Bacteroides finegoldii,338188.175,SAMN11943461
Bacteroides finegoldii,338188.174,SAMN11943462
Bacteroides finegoldii,338188.172,SAMN11943465
Bacteroides finegoldii,338188.173,SAMN11943463
Bacteroides finegoldii,338188.171,SAMN11943464
Bacteroides finegoldii,338188.170,SAMN11943466
Bacteroides finegoldii,338188.165,SAMN11943471
Bacteroides finegoldii,338188.169,SAMN11943468
Bacteroides finegoldii,338188.168,SAMN11943470
Bacteroides finegoldii,338188.167,SAMN11943467
Bacteroides finegoldii,338188.166,SAMN11943469
Bacteroides intestinalis,329854.322,SAMN11943587
Bacteroides intestinalis,329854.321,SAMN11943588
Bacteroides salyersiae,291644.116,SAMN11943775
Bacteroides salyersiae,291644.104,SAMN11943787
Bacteroides salyersiae,291644.103,SAMN11943788
Bacteroides salyersiae,291644.102,SAMN11943789
Bacteroides salyersiae,291644.100,SAMN11943793
Bacteroides salyersiae,291644.101,SAMN11943790
Bacteroides salyersiae,291644.115,SAMN11943777
Bacteroides salyersiae,291644.114,SAMN11943776
Bacteroides salyersiae,291644.94,SAMN11943800
Bacteroides salyersiae,291644.99,SAMN11943791
Bacteroides salyersiae,291644.96,SAMN11943795
Bacteroides salyersiae,291644.98,SAMN11943794
Bacteroides salyersiae,291644.113,SAMN11943779
Bacteroides salyersiae,291644.112,SAMN11943778
Bacteroides salyersiae,291644.111,SAMN11943780
Bacteroides salyersiae,291644.110,SAMN11943781
Bacteroides salyersiae,291644.109,SAMN11943784
Bacteroides salyersiae,291644.108,SAMN11943783
Bacteroides salyersiae,291644.107,SAMN11943782
Bacteroides salyersiae,291644.106,SAMN11943785
Bacteroides salyersiae,291644.105,SAMN11943786
Bacteroides salyersiae,291644.97,SAMN11943798
Bacteroides salyersiae,291644.95,SAMN11943796
Bacteroides salyersiae,291644.124,SAMN11943801
Bacteroides salyersiae,291644.123,SAMN11943807
Bacteroides salyersiae,291644.121,SAMN11943803
Bacteroides salyersiae,291644.122,SAMN11943804
Bacteroides salyersiae,291644.120,SAMN11943809
Bacteroides salyersiae,291644.119,SAMN11943810
Bacteroides salyersiae,291644.118,SAMN11943812
Bacteroides salyersiae,291644.126,SAMN11943806
Bacteroides salyersiae,291644.125,SAMN11943811
Bacteroides salyersiae,291644.129,SAMN11943802
Bacteroides salyersiae,291644.127,SAMN11943808
Bacteroides salyersiae,291644.128,SAMN11943805
Bacteroides stercoris,46506.1648,SAMN11943813
Bacteroides stercoris,46506.1647,SAMN11943814
Bacteroides stercoris,46506.1646,SAMN11943816
Bacteroides stercoris,46506.1645,SAMN11943815
Bacteroides stercoris,46506.1640,SAMN11943820
Bacteroides stercoris,46506.1644,SAMN11943817
Bacteroides stercoris,46506.1643,SAMN11943818
Bacteroides stercoris,46506.1642,SAMN11943819
Bacteroides stercoris,46506.1641,SAMN11943821
Bacteroides stercoris,46506.1639,SAMN11943822
Bacteroides stercoris,46506.1638,SAMN11943824
Bacteroides stercoris,46506.1637,SAMN11943825
Bacteroides stercoris,46506.1636,SAMN11943823
Bacteroides stercoris,46506.1635,SAMN11943826
Bacteroides stercoris,46506.1633,SAMN11943827
Bacteroides stercoris,46506.1634,SAMN11943828
Bacteroides stercoris,46506.1631,SAMN11943829
Bacteroides stercoris,46506.1632,SAMN11943831
Bacteroides stercoris,46506.1628,SAMN11943833
Bacteroides stercoris,46506.1630,SAMN11943830
Bacteroides stercoris,46506.1629,SAMN11943832
Bacteroides stercoris,46506.1627,SAMN11943834
Bacteroides uniformis,820.4610,SAMN11944032
Bacteroides uniformis,820.4608,SAMN11944035
Bacteroides uniformis,820.4609,SAMN11944034
Bacteroides uniformis,820.4607,SAMN11944033
Bacteroides uniformis,820.4606,SAMN11944036
Bacteroides uniformis,820.4605,SAMN11944037
Bacteroides uniformis,820.4604,SAMN11944040
Bacteroides uniformis,820.4603,SAMN11944038
Bacteroides uniformis,820.4602,SAMN11944039
Bacteroides uniformis,820.4601,SAMN11944042
Bacteroides uniformis,820.4600,SAMN11944041
Bacteroides uniformis,820.4598,SAMN11944045
Bacteroides uniformis,820.4599,SAMN11944043
Bacteroides uniformis,820.4597,SAMN11944044
Bacteroides uniformis,820.4596,SAMN11944046
Bacteroides uniformis,820.4595,SAMN11944047
Bacteroides uniformis,820.4591,SAMN11944050
Bacteroides uniformis,820.4592,SAMN11944052
Bacteroides uniformis,820.4593,SAMN11944051
Bacteroides uniformis,820.4594,SAMN11944048
Bacteroides uniformis,820.4590,SAMN11944053
Bacteroides uniformis,820.4589,SAMN11944054
Bacteroides uniformis,820.4587,SAMN11944055
Bacteroides uniformis,820.4585,SAMN11944056
Bacteroides uniformis,820.4588,SAMN11944057
Bacteroides uniformis,820.4586,SAMN11944058
Bacteroides uniformis,820.4584,SAMN11944059
Bacteroides uniformis,820.4583,SAMN11944060
Bacteroides uniformis,820.4582,SAMN11944061
Bacteroides uniformis,820.4579,SAMN11944064
Bacteroides uniformis,820.4581,SAMN11944062
Bacteroides uniformis,820.4580,SAMN11944063
Bacteroides uniformis,820.4577,SAMN11944068
Bacteroides uniformis,820.4576,SAMN11944065
Bacteroides uniformis,820.4578,SAMN11944066
Bacteroides uniformis,820.4575,SAMN11944067
Bacteroides uniformis,820.4574,SAMN11944069
Bacteroides uniformis,820.4573,SAMN11944070
Bacteroides uniformis,820.4572,SAMN11944072
Bacteroides uniformis,820.4571,SAMN11944071
Bacteroides uniformis,820.4570,SAMN11944073
Bacteroides uniformis,820.4568,SAMN11944075
Bacteroides uniformis,820.4569,SAMN11944074
Bacteroides uniformis,820.4567,SAMN11944076
Bacteroides uniformis,820.4565,SAMN11944078
Bacteroides uniformis,820.4566,SAMN11944077
Bacteroides uniformis,820.4564,SAMN11944079
Bacteroides uniformis,820.4624,SAMN11944080
Bacteroides uniformis,820.4563,SAMN11944084
Bacteroides uniformis,820.4561,SAMN11944082
Bacteroides uniformis,820.4560,SAMN11944083
Bacteroides uniformis,820.4559,SAMN11944081
Bacteroides uniformis,820.4558,SAMN11944085
Bacteroides uniformis,820.4557,SAMN11944086
Bacteroides uniformis,820.4556,SAMN11944087
Bacteroides uniformis,820.4555,SAMN11944088
Bacteroides uniformis,820.4553,SAMN11944090
Bacteroides uniformis,820.4554,SAMN11944089
Bacteroides uniformis,820.4552,SAMN11944091
Bacteroides uniformis,820.4550,SAMN11944093
Bacteroides uniformis,820.4551,SAMN11944092
Bacteroides uniformis,820.4549,SAMN11944094
Bacteroides uniformis,820.4548,SAMN11944095
Bacteroides uniformis,820.4547,SAMN11944096
Bacteroides uniformis,820.4545,SAMN11944098
Bacteroides uniformis,820.4546,SAMN11944097
Bacteroides uniformis,820.4543,SAMN11944099
Bacteroides uniformis,820.4544,SAMN11944102
Bacteroides uniformis,820.4542,SAMN11944100
Bacteroides uniformis,820.4540,SAMN11944103
Bacteroides uniformis,820.4541,SAMN11944101
Bacteroides uniformis,820.4537,SAMN11944107
Bacteroides uniformis,820.4539,SAMN11944105
Bacteroides uniformis,820.4538,SAMN11944104
Bacteroides uniformis,820.4535,SAMN11944106
Bacteroides uniformis,820.4536,SAMN11944108
Bacteroides uniformis,820.4534,SAMN11944110
Bacteroides uniformis,820.4532,SAMN11944111
Bacteroides uniformis,820.4533,SAMN11944112
Bacteroides uniformis,820.4530,SAMN11944113
Bacteroides uniformis,820.4531,SAMN11944114
Bacteroides uniformis,820.4527,SAMN11944117
Bacteroides uniformis,820.4529,SAMN11944115
Bacteroides uniformis,820.4528,SAMN11944116
Bacteroides uniformis,820.4525,SAMN11944119
Bacteroides uniformis,820.4526,SAMN11944118
Bacteroides uniformis,820.4523,SAMN11944120
Bacteroides uniformis,820.4521,SAMN11944123
Bacteroides uniformis,820.4524,SAMN11944122
Bacteroides uniformis,820.4522,SAMN11944121
Bacteroides vulgatus,,SAMN11944219
Bacteroides xylanisolvens,371601.454,SAMN11944299
Bacteroides xylanisolvens,371601.452,SAMN11944297
Bacteroides xylanisolvens,371601.456,SAMN11944281
Bacteroides xylanisolvens,371601.461,SAMN11944325
Bacteroides xylanisolvens,371601.509,SAMN11944331
Bacteroides xylanisolvens,371601.450,SAMN11944302
Bacteroides xylanisolvens,371601.465,SAMN11944322
Bacteroides xylanisolvens,371601.462,SAMN11944324
Bacteroides xylanisolvens,371601.455,SAMN11944282
Bacteroides xylanisolvens,371601.475,SAMN11944306
Bacteroides xylanisolvens,371601.483,SAMN11944290
Bacteroides xylanisolvens,371601.476,SAMN11944304
Bacteroides xylanisolvens,371601.477,SAMN11944305
Bacteroides xylanisolvens,371601.473,SAMN11944307
Bacteroides xylanisolvens,371601.471,SAMN11944311
Bacteroides xylanisolvens,371601.468,SAMN11944313
Bacteroides xylanisolvens,371601.459,SAMN11944327
Bacteroides xylanisolvens,371601.472,SAMN11944310
Bacteroides xylanisolvens,371601.470,SAMN11944314
Bacteroides xylanisolvens,371601.466,SAMN11944321
Bacteroides xylanisolvens,371601.467,SAMN11944315
Bacteroides xylanisolvens,371601.469,SAMN11944312
Bacteroides xylanisolvens,371601.464,SAMN11944323
Bacteroides xylanisolvens,371601.463,SAMN11944326
Bacteroides xylanisolvens,371601.478,SAMN11944296
Bacteroides xylanisolvens,371601.498,SAMN11944272
Bacteroides xylanisolvens,371601.485,SAMN11944289
Bacteroides xylanisolvens,371601.500,SAMN11944269
Bacteroides xylanisolvens,371601.484,SAMN11944288
Bacteroides xylanisolvens,371601.474,SAMN11944309
Bacteroides xylanisolvens,371601.479,SAMN11944295
Bacteroides xylanisolvens,371601.497,SAMN11944271
Bacteroides xylanisolvens,371601.495,SAMN11944275
Bacteroides xylanisolvens,371601.488,SAMN11944285
Bacteroides xylanisolvens,371601.496,SAMN11944273
Bacteroides xylanisolvens,371601.494,SAMN11944276
Bacteroides xylanisolvens,371601.493,SAMN11944274
Bacteroides xylanisolvens,371601.492,SAMN11944277
Bacteroides xylanisolvens,371601.491,SAMN11944280
Bacteroides xylanisolvens,371601.482,SAMN11944291
Bacteroides xylanisolvens,371601.481,SAMN11944292
Bacteroides xylanisolvens,371601.490,SAMN11944278
Bacteroides xylanisolvens,371601.480,SAMN11944294
Bacteroides xylanisolvens,371601.486,SAMN11944287
Bacteroides xylanisolvens,371601.487,SAMN11944286
Bacteroides xylanisolvens,371601.502,SAMN11944267
Bacteroides xylanisolvens,371601.501,SAMN11944268
Bacteroides xylanisolvens,371601.499,SAMN11944270
Bacteroides xylanisolvens,371601.503,SAMN11944303
Bacteroides xylanisolvens,371601.489,SAMN11944279
Bacteroides xylanisolvens,371601.447,SAMN11944319
Bacteroides xylanisolvens,371601.442,SAMN11944284
Bacteroides xylanisolvens,371601.449,SAMN11944298
Bacteroides xylanisolvens,371601.457,SAMN11944265
Bacteroides xylanisolvens,371601.445,SAMN11944317
Bacteroides xylanisolvens,371601.446,SAMN11944320
Bacteroides xylanisolvens,371601.443,SAMN11944283
Bacteroides xylanisolvens,371601.441,SAMN11944329
Bacteroides xylanisolvens,371601.453,SAMN11944300
Bacteroides xylanisolvens,371601.451,SAMN11944301
Bacteroides xylanisolvens,371601.448,SAMN11944316
Bacteroides xylanisolvens,371601.444,SAMN11944266
Bacteroides xylanisolvens,371601.440,SAMN11944335
Bacteroides xylanisolvens,371601.436,SAMN11944338
Bacteroides xylanisolvens,371601.438,SAMN11944336
Bacteroides xylanisolvens,371601.439,SAMN11944333
Bacteroides xylanisolvens,371601.437,SAMN11944334
Bacteroides xylanisolvens,371601.506,SAMN11944337
Bacteroides xylanisolvens,371601.505,SAMN11944318
Bacteroides xylanisolvens,371601.504,SAMN11944332
Bifidobacterium animalis,28025.137,SAMN11944590
Bifidobacterium animalis,28025.139,SAMN11944589
Bifidobacterium animalis,28025.138,SAMN11944588
Bifidobacterium bifidum,1681.806,SAMN11944598
Bifidobacterium bifidum,1681.810,SAMN11944594
Bifidobacterium bifidum,1681.809,SAMN11944595
Bifidobacterium bifidum,1681.808,SAMN11944596
Bifidobacterium bifidum,1681.807,SAMN11944597
Bifidobacterium bifidum,1681.814,SAMN11944600
Bifidobacterium bifidum,1681.813,SAMN11944599
Bifidobacterium bifidum,1681.811,SAMN11944601
Bifidobacterium bifidum,1681.812,SAMN11944593
Bifidobacterium bifidum,1681.805,SAMN11944591
Bifidobacterium bifidum,1681.804,SAMN11944592
Bifidobacterium bifidum,1681.825,SAMN11944605
Bifidobacterium bifidum,1681.824,SAMN11944602
Bifidobacterium bifidum,1681.823,SAMN11944604
Bifidobacterium bifidum,1681.838,SAMN11944606
Bifidobacterium bifidum,1681.821,SAMN11944607
Bifidobacterium bifidum,1681.820,SAMN11944615
Bifidobacterium bifidum,1681.826,SAMN11944603
Bifidobacterium bifidum,1681.819,SAMN11944608
Bifidobacterium bifidum,1681.836,SAMN11944610
Bifidobacterium bifidum,1681.835,SAMN11944614
Bifidobacterium bifidum,1681.815,SAMN11944611
Bifidobacterium bifidum,1681.837,SAMN11944609
Bifidobacterium catenulatum,1686.202,SAMN11944617
Bifidobacterium catenulatum,1686.201,SAMN11944618
Bifidobacterium dentium,1689.92,SAMN11944620
Bifidobacterium dentium,1689.91,SAMN11944619
Bifidobacterium dentium,1689.90,SAMN11944621
Bittarella massiliensis,1720313.7,SAMN11945243
Bittarella massiliensis,1720313.8,SAMN11945242
Blautia massiliensis,1737424.49,SAMN11945247
Blautia massiliensis,1737424.48,SAMN11945248
Blautia massiliensis,1737424.51,SAMN11945246
Blautia massiliensis,1737424.50,SAMN11945245
Blautia obeum,40520.1620,SAMN11945249
Blautia sp. BIOML-A1,2584624.3,SAMN11945250
Blautia wexlerae,418240.283,SAMN11945255
Blautia wexlerae,418240.284,SAMN11945254
Blautia wexlerae,418240.282,SAMN11945253
Blautia wexlerae,418240.285,SAMN11945252
Blautia wexlerae,418240.281,SAMN11945256
Blautia wexlerae,418240.280,SAMN11945257
Blautia wexlerae,418240.279,SAMN11945258
Blautia wexlerae,418240.277,SAMN11945259
Blautia wexlerae,418240.278,SAMN11945262
Blautia wexlerae,418240.276,SAMN11945260
Blautia wexlerae,418240.275,SAMN11945261
Blautia wexlerae,418240.273,SAMN11945264
Blautia wexlerae,418240.274,SAMN11945265
Blautia wexlerae,418240.272,SAMN11945263
Blautia wexlerae,418240.271,SAMN11945266
Blautia wexlerae,418240.269,SAMN11945269
Blautia wexlerae,418240.270,SAMN11945267
Blautia wexlerae,418240.268,SAMN11945251
Butyricicoccus sp. BIOML-A1,2584625.3,SAMN11945270
Catenibacterium sp. BIOML-A1,2584626.3,SAMN11945271
Citrobacter amalonaticus,35703.95,SAMN11945272
Citrobacter amalonaticus,35703.94,SAMN11945275
Citrobacter amalonaticus,35703.93,SAMN11945273
Citrobacter amalonaticus,35703.92,SAMN11945274
Citrobacter amalonaticus,35703.90,SAMN11945277
Citrobacter amalonaticus,35703.91,SAMN11945278
Citrobacter amalonaticus,35703.89,SAMN11945276
Citrobacter amalonaticus,35703.88,SAMN11945280
Citrobacter amalonaticus,35703.86,SAMN11945279
Citrobacter amalonaticus,35703.87,SAMN11945283
Citrobacter amalonaticus,35703.84,SAMN11945282
Citrobacter amalonaticus,35703.85,SAMN11945281
Clostridium beijerinckii,1520.345,SAMN11945284
Clostridium beijerinckii,1520.343,SAMN11945285
Clostridium beijerinckii,1520.344,SAMN11945286
Clostridium beijerinckii,1520.342,SAMN11945287
Clostridium beijerinckii,1520.341,SAMN11945289
Clostridium beijerinckii,1520.340,SAMN11945290
Clostridium beijerinckii,1520.339,SAMN11945288
Clostridium beijerinckii,1520.337,SAMN11945291
Clostridium beijerinckii,1520.338,SAMN11945292
Clostridium beijerinckii,1520.335,SAMN11945294
Clostridium beijerinckii,1520.336,SAMN11945293
Clostridium butyricum,1492.181,SAMN11945296
Clostridium sp. BIOML-A1,2584627.3,SAMN11945310
Collinsella aerofaciens,74426.1595,SAMN11945330
Collinsella aerofaciens,74426.1594,SAMN11945311
Collinsella aerofaciens,74426.1613,SAMN11945313
Collinsella aerofaciens,74426.1612,SAMN11945312
Collinsella aerofaciens,74426.1611,SAMN11945314
Collinsella aerofaciens,74426.1610,SAMN11945315
Collinsella aerofaciens,74426.1608,SAMN11945316
Collinsella aerofaciens,74426.1607,SAMN11945317
Collinsella aerofaciens,74426.1609,SAMN11945318
Collinsella aerofaciens,74426.1606,SAMN11945319
Collinsella aerofaciens,74426.1605,SAMN11945320
Collinsella aerofaciens,74426.1604,SAMN11945321
Collinsella aerofaciens,74426.1603,SAMN11945322
Collinsella aerofaciens,74426.1602,SAMN11945323
Collinsella aerofaciens,74426.1601,SAMN11945325
Collinsella aerofaciens,74426.1600,SAMN11945324
Collinsella aerofaciens,74426.1599,SAMN11945327
Collinsella aerofaciens,74426.1597,SAMN11945328
Collinsella aerofaciens,74426.1598,SAMN11945326
Collinsella aerofaciens,74426.1596,SAMN11945329
Collinsella sp. BIOML-A1,2584628.3,SAMN11945331
Collinsella sp. BIOML-A2,2584629.3,SAMN11945332
Collinsella sp. BIOML-A3,2584630.3,SAMN11945333
Collinsella sp. BIOML-A4,2584631.3,SAMN11945334
Collinsella sp. BIOML-A5,2584632.3,SAMN11945335
Collinsella sp. BIOML-A6,2584633.3,SAMN11945336
Coprobacillus sp. BIOML-A1,2584634.3,SAMN11945337
Coprococcus sp. BIOML-A1,2584635.3,SAMN11945338
Coprococcus sp. BIOML-A2,2584636.3,SAMN11945339
Dorea longicatena,88431.894,SAMN11945340
Dorea longicatena,88431.893,SAMN11945343
Dorea longicatena,88431.892,SAMN11945342
Dorea longicatena,88431.891,SAMN11945341
Dorea longicatena,88431.890,SAMN11945344
Dorea longicatena,88431.889,SAMN11945345
Dorea longicatena,88431.888,SAMN11945346
Dorea sp. BIOML-A1,2584637.3,SAMN11945347
Eggerthella sp. BIOML-A1,2584638.3,SAMN11945348
Eggerthella sp. BIOML-A3,2584640.3,SAMN11945350
Eggerthella sp. BIOML-A4,2584641.3,SAMN11945351
Eggerthella sp. BIOML-A5,2584642.3,SAMN11945352
Enterobacter hormaechei,158836.476,SAMN11945353
Enterobacter hormaechei,158836.475,SAMN11945354
Enterobacter hormaechei,158836.474,SAMN11945355
Enterobacter hormaechei,158836.472,SAMN11945356
Enterobacter hormaechei,158836.473,SAMN11945357
Enterococcus avium,33945.51,SAMN11945359
Enterococcus avium,33945.50,SAMN11945358
Enterococcus avium,33945.49,SAMN11945360
Enterococcus avium,33945.48,SAMN11945361
Enterococcus durans,53345.124,SAMN11945362
Enterococcus durans,53345.125,SAMN11945363
Enterococcus durans,53345.123,SAMN11945364
Enterococcus durans,53345.122,SAMN11945366
Enterococcus durans,53345.121,SAMN11945365
Enterococcus durans,53345.120,SAMN11945368
Enterococcus durans,53345.119,SAMN11945367
Enterococcus durans,53345.118,SAMN11945369
Enterococcus durans,53345.117,SAMN11945370
Enterococcus durans,53345.116,SAMN11945373
Enterococcus durans,53345.114,SAMN11945372
Enterococcus durans,53345.115,SAMN11945371
Enterococcus durans,53345.113,SAMN11945374
Enterococcus durans,53345.112,SAMN11945376
Enterococcus durans,53345.111,SAMN11945375
Enterococcus durans,53345.109,SAMN11945377
Enterococcus durans,53345.108,SAMN11945380
Enterococcus durans,53345.110,SAMN11945378
Enterococcus durans,53345.107,SAMN11945379
Enterococcus durans,53345.106,SAMN11945381
Enterococcus durans,53345.105,SAMN11945382
Enterococcus durans,53345.104,SAMN11945383
Enterococcus durans,53345.103,SAMN11945390
Enterococcus durans,53345.102,SAMN11945384
Enterococcus durans,53345.101,SAMN11945385
Enterococcus durans,53345.100,SAMN11945395
Enterococcus durans,53345.98,SAMN11945394
Enterococcus durans,53345.99,SAMN11945398
Enterococcus durans,53345.96,SAMN11945399
Enterococcus durans,53345.97,SAMN11945403
Enterococcus durans,53345.95,SAMN11945386
Enterococcus durans,53345.88,SAMN11945400
Enterococcus durans,53345.94,SAMN11945387
Enterococcus durans,53345.93,SAMN11945389
Enterococcus durans,53345.92,SAMN11945391
Enterococcus durans,53345.91,SAMN11945388
Enterococcus durans,53345.90,SAMN11945392
Enterococcus durans,53345.89,SAMN11945393
Enterococcus durans,53345.87,SAMN11945396
Enterococcus durans,53345.128,SAMN11945404
Enterococcus durans,53345.127,SAMN11945405
Enterococcus durans,53345.126,SAMN11945408
Enterococcus durans,53345.131,SAMN11945433
Enterococcus durans,53345.129,SAMN11945436
Enterococcus durans,53345.155,SAMN11945406
Enterococcus durans,53345.154,SAMN11945407
Enterococcus durans,53345.153,SAMN11945411
Enterococcus durans,53345.152,SAMN11945410
Enterococcus durans,53345.151,SAMN11945413
Enterococcus durans,53345.150,SAMN11945412
Enterococcus durans,53345.148,SAMN11945415
Enterococcus durans,53345.149,SAMN11945416
Enterococcus durans,53345.147,SAMN11945419
Enterococcus durans,53345.146,SAMN11945417
Enterococcus durans,53345.145,SAMN11945418
Enterococcus durans,53345.143,SAMN11945420
Enterococcus durans,53345.144,SAMN11945421
Enterococcus durans,53345.142,SAMN11945423
Enterococcus durans,53345.141,SAMN11945422
Enterococcus durans,53345.140,SAMN11945425
Enterococcus durans,53345.139,SAMN11945424
Enterococcus durans,53345.138,SAMN11945426
Enterococcus durans,53345.137,SAMN11945429
Enterococcus durans,53345.136,SAMN11945428
Enterococcus durans,53345.135,SAMN11945427
Enterococcus durans,53345.134,SAMN11945430
Enterococcus durans,53345.132,SAMN11945431
Enterococcus durans,53345.130,SAMN11945434
Enterococcus durans,53345.133,SAMN11945432
Enterococcus faecalis,1351.3488,SAMN11945437
Enterococcus faecalis,1351.3489,SAMN11945438
Enterococcus faecalis,1351.3487,SAMN11945439
Enterococcus faecalis,1351.3486,SAMN11945441
Enterococcus faecalis,1351.3485,SAMN11945440
Enterococcus faecalis,1351.3484,SAMN11945442
Enterococcus faecalis,1351.3483,SAMN11945443
Enterococcus faecium,1352.9140,SAMN11945446
Enterococcus faecium,1352.9141,SAMN11945445
Enterococcus hirae,1354.242,SAMN11945448
Enterococcus hirae,1354.241,SAMN11945449
Enterococcus hirae,1354.240,SAMN11945450
Enterococcus hirae,1354.239,SAMN11945451
Enterococcus hirae,1354.238,SAMN11945452
Enterococcus hirae,1354.237,SAMN11945454
Enterococcus hirae,1354.235,SAMN11945453
Enterococcus hirae,1354.236,SAMN11945457
Enterococcus hirae,1354.234,SAMN11945455
Enterococcus hirae,1354.233,SAMN11945456
Enterococcus hirae,1354.232,SAMN11945460
Enterococcus hirae,1354.231,SAMN11945458
Enterococcus hirae,1354.229,SAMN11945461
Enterococcus hirae,1354.230,SAMN11945462
Enterococcus hirae,1354.228,SAMN11945459
Enterococcus hirae,1354.226,SAMN11945463
Enterococcus hirae,1354.227,SAMN11945464
Enterococcus hirae,1354.225,SAMN11945466
Enterococcus hirae,1354.224,SAMN11945467
Enterococcus hirae,1354.223,SAMN11945465
Enterococcus hirae,1354.221,SAMN11945468
Enterococcus hirae,1354.222,SAMN11945469
Enterococcus hirae,1354.220,SAMN11945530
Enterococcus hirae,1354.218,SAMN11945470
Enterococcus hirae,1354.219,SAMN11945531
Enterococcus hirae,1354.243,SAMN11945447
Enterococcus hirae,1354.244,SAMN11945529
Enterococcus hirae,1354.246,SAMN11945528
Enterococcus hirae,1354.245,SAMN11945526
Enterococcus hirae,1354.217,SAMN11945532
Enterococcus hirae,1354.301,SAMN11945471
Enterococcus hirae,1354.302,SAMN11945472
Enterococcus hirae,1354.300,SAMN11945474
Enterococcus hirae,1354.299,SAMN11945473
Enterococcus hirae,1354.298,SAMN11945475
Enterococcus hirae,1354.297,SAMN11945478
Enterococcus hirae,1354.296,SAMN11945476
Enterococcus hirae,1354.295,SAMN11945477
Enterococcus hirae,1354.292,SAMN11945479
Enterococcus hirae,1354.293,SAMN11945480
Enterococcus hirae,1354.294,SAMN11945481
Enterococcus hirae,1354.291,SAMN11945483
Enterococcus hirae,1354.290,SAMN11945482
Enterococcus hirae,1354.289,SAMN11945484
Enterococcus hirae,1354.288,SAMN11945485
Enterococcus hirae,1354.287,SAMN11945486
Enterococcus hirae,1354.286,SAMN11945487
Enterococcus hirae,1354.285,SAMN11945490
Enterococcus hirae,1354.284,SAMN11945489
Enterococcus hirae,1354.283,SAMN11945491
Enterococcus hirae,1354.282,SAMN11945488
Enterococcus hirae,1354.281,SAMN11945492
Enterococcus hirae,1354.279,SAMN11945494
Enterococcus hirae,1354.280,SAMN11945493
Enterococcus hirae,1354.278,SAMN11945495
Enterococcus hirae,1354.277,SAMN11945496
Enterococcus hirae,1354.276,SAMN11945497
Enterococcus hirae,1354.275,SAMN11945498
Enterococcus hirae,1354.273,SAMN11945499
Enterococcus hirae,1354.272,SAMN11945501
Enterococcus hirae,1354.274,SAMN11945502
Enterococcus hirae,1354.271,SAMN11945500
Enterococcus hirae,1354.270,SAMN11945503
Enterococcus hirae,1354.269,SAMN11945504
Enterococcus hirae,1354.268,SAMN11945505
Enterococcus hirae,1354.267,SAMN11945506
Enterococcus hirae,1354.266,SAMN11945507
Enterococcus hirae,1354.261,SAMN11945509
Enterococcus hirae,1354.265,SAMN11945508
Enterococcus hirae,1354.264,SAMN11945510
Enterococcus hirae,1354.260,SAMN11945512
Enterococcus hirae,1354.259,SAMN11945511
Enterococcus hirae,1354.258,SAMN11945513
Enterococcus hirae,1354.263,SAMN11945516
Enterococcus hirae,1354.257,SAMN11945514
Enterococcus hirae,1354.256,SAMN11945515
Enterococcus hirae,1354.262,SAMN11945517
Enterococcus hirae,1354.255,SAMN11945518
Enterococcus hirae,1354.254,SAMN11945519
Enterococcus hirae,1354.253,SAMN11945520
Enterococcus hirae,1354.252,SAMN11945522
Enterococcus hirae,1354.251,SAMN11945521
Enterococcus hirae,1354.249,SAMN11945524
Enterococcus hirae,1354.250,SAMN11945523
Enterococcus hirae,1354.248,SAMN11945525
Enterococcus hirae,1354.247,SAMN11945527
Enterococcus mundtii,53346.70,SAMN11945533
Enterococcus mundtii,53346.67,SAMN11945535
Enterococcus mundtii,53346.69,SAMN11945536
Enterococcus mundtii,53346.66,SAMN11945537
Enterococcus mundtii,53346.65,SAMN11945538
Enterococcus mundtii,53346.64,SAMN11945541
Enterococcus mundtii,53346.63,SAMN11945539
Enterococcus mundtii,53346.61,SAMN11945540
Enterococcus mundtii,53346.60,SAMN11945542
Enterococcus mundtii,53346.62,SAMN11945543
Enterococcus mundtii,53346.58,SAMN11945545
Enterococcus mundtii,53346.59,SAMN11945544
Enterococcus mundtii,53346.68,SAMN11945534
Enterococcus raffinosus,71452.14,SAMN11945546
Eubacterium ramulus,39490.146,SAMN11946048
Eubacterium ramulus,39490.144,SAMN11946049
Eubacterium ramulus,39490.145,SAMN11946050
Eubacterium sp. BIOML-A1,2584643.3,SAMN11946063
Eubacterium sp. BIOML-A2,2584644.3,SAMN11946064
Faecalibacterium prausnitzii,853.7389,SAMN11946065
Faecalibacterium prausnitzii,853.7362,SAMN11946066
Faecalibacterium prausnitzii,853.7363,SAMN11946068
Faecalibacterium prausnitzii,853.7360,SAMN11946067
Faecalibacterium prausnitzii,853.7359,SAMN11946069
Faecalibacterium prausnitzii,853.7361,SAMN11946071
Faecalibacterium prausnitzii,853.7352,SAMN11946070
Faecalibacterium prausnitzii,853.7351,SAMN11946073
Faecalibacterium prausnitzii,853.7353,SAMN11946072
Faecalibacterium prausnitzii,853.7357,SAMN11946074
Faecalibacterium prausnitzii,853.7355,SAMN11946076
Faecalibacterium prausnitzii,853.7356,SAMN11946075
Faecalibacterium prausnitzii,853.7358,SAMN11946077
Faecalibacterium prausnitzii,853.7354,SAMN11946078
Faecalibacterium prausnitzii,853.7350,SAMN11946081
Faecalibacterium prausnitzii,853.7349,SAMN11946080
Faecalibacterium prausnitzii,853.7348,SAMN11946079
Faecalibacterium prausnitzii,853.7346,SAMN11946082
Faecalibacterium prausnitzii,853.7347,SAMN11946083
Faecalibacterium sp. BIOML-A1,2584645.3,SAMN11946084
Faecalibacterium sp. BIOML-A2,2584646.3,SAMN11946085
Faecalibacterium sp. BIOML-A3,2584647.3,SAMN11946086
Faecalibacterium sp. BIOML-A4,2584648.3,SAMN11946087
Finegoldia magna,1260.145,SAMN11946095
Finegoldia magna,1260.144,SAMN11946096
Finegoldia sp. BIOML-A1,2584649.3,SAMN11946097
Finegoldia sp. BIOML-A2,2584650.3,SAMN11946098
Finegoldia sp. BIOML-A3,2584651.3,SAMN11946099
Finegoldia sp. BIOML-A4,2584652.3,SAMN11946100
Finegoldia sp. BIOML-A5,2584653.3,SAMN11946101
Flavonifractor plautii,292800.502,SAMN11946103
Flavonifractor plautii,292800.500,SAMN11946104
Flavonifractor plautii,292800.501,SAMN11946105
Flavonifractor plautii,292800.504,SAMN11946106
Flavonifractor plautii,292800.503,SAMN11946102
Gordonibacter pamelaeae,471189.25,SAMN11946108
Gordonibacter urolithinfaciens,1335613.28,SAMN11946107
Holdemania massiliensis,1468449.10,SAMN11946110
Holdemania massiliensis,1468449.11,SAMN11946111
Holdemania massiliensis,1468449.12,SAMN11946109
Holdemania massiliensis,1468449.13,SAMN11946113
Holdemania massiliensis,1468449.9,SAMN11946112
Lactobacillus paracasei,1597.463,SAMN11946114
Lactobacillus paracasei,1597.462,SAMN11946115
Lactobacillus paracasei,1597.460,SAMN11946117
Lactobacillus paracasei,1597.461,SAMN11946116
Lactobacillus rhamnosus,47715.652,SAMN11946119
Lactobacillus rhamnosus,47715.653,SAMN11946120
Lactobacillus rhamnosus,47715.651,SAMN11946123
Lactobacillus rhamnosus,47715.647,SAMN11946121
Lactobacillus rhamnosus,47715.655,SAMN11946122
Lactobacillus rhamnosus,47715.648,SAMN11946124
Lactobacillus rhamnosus,47715.646,SAMN11946125
Lactobacillus rhamnosus,47715.649,SAMN11946126
Lactobacillus rhamnosus,47715.650,SAMN11946127
Lactobacillus rhamnosus,47715.654,SAMN11946118
Lactobacillus ruminis,1623.224,SAMN11946140
Lactobacillus ruminis,1623.222,SAMN11946141
Lactobacillus ruminis,1623.223,SAMN11946144
Lactobacillus ruminis,1623.219,SAMN11946143
Lactobacillus ruminis,1623.220,SAMN11946145
Lactobacillus ruminis,1623.218,SAMN11946146
Lactobacillus ruminis,1623.221,SAMN11946149
Lactobacillus ruminis,1623.240,SAMN11946128
Lactobacillus ruminis,1623.238,SAMN11946130
Lactobacillus ruminis,1623.239,SAMN11946131
Lactobacillus ruminis,1623.237,SAMN11946132
Lactobacillus ruminis,1623.236,SAMN11946133
Lactobacillus ruminis,1623.235,SAMN11946135
Lactobacillus ruminis,1623.234,SAMN11946134
Lactobacillus ruminis,1623.233,SAMN11946136
Lactobacillus ruminis,1623.229,SAMN11946138
Lactobacillus ruminis,1623.231,SAMN11946137
Lactobacillus ruminis,1623.230,SAMN11946139
Lactobacillus ruminis,1623.228,SAMN11946148
Lactobacillus ruminis,1623.232,SAMN11946142
Lactobacillus ruminis,1623.226,SAMN11946151
Lactobacillus ruminis,1623.225,SAMN11946152
Lactobacillus ruminis,1623.227,SAMN11946153
Lactobacillus ruminis,1623.216,SAMN11946147
Lactobacillus ruminis,1623.217,SAMN11946154
Lactobacillus ruminis,1623.215,SAMN11946150
Lactobacillus ruminis,1623.213,SAMN11946155
Lactobacillus ruminis,1623.214,SAMN11946156
Lactonifactor sp. BIOML-A1,2584654.3,SAMN11946157
Lactonifactor sp. BIOML-A2,2584655.3,SAMN11946158
Lactonifactor sp. BIOML-A3,2584656.3,SAMN11946159
Lactonifactor sp. BIOML-A4,2584657.4,SAMN11946160
Lactonifactor sp. BIOML-A5,2584658.3,SAMN11946161
Lactonifactor sp. BIOML-A6,2584659.3,SAMN11946162
Lactonifactor sp. BIOML-A7,2584660.3,SAMN11946163
Leuconostoc lactis,1246.49,SAMN11946164
Megasphaera sp. BIOML-A1,2584661.3,SAMN11946165
Megasphaera sp. BIOML-A2,2584662.3,SAMN11946166
Odoribacter splanchnicus,28118.1616,SAMN11946173
Odoribacter splanchnicus,28118.1615,SAMN11946174
Odoribacter splanchnicus,28118.1622,SAMN11946167
Odoribacter splanchnicus,28118.1621,SAMN11946170
Odoribacter splanchnicus,28118.1618,SAMN11946169
Odoribacter splanchnicus,28118.1619,SAMN11946171
Odoribacter splanchnicus,28118.1620,SAMN11946172
Odoribacter splanchnicus,28118.1617,SAMN11946168
Paeniclostridium sordellii,1505.73,SAMN11946176
Paeniclostridium sordellii,1505.74,SAMN11946175
Paeniclostridium sordellii,1505.72,SAMN11946180
Parabacteroides distasonis,823.3215,SAMN11946185
Parabacteroides distasonis,823.3214,SAMN11946188
Parabacteroides distasonis,823.3216,SAMN11946191
Parabacteroides distasonis,823.3212,SAMN11946186
Parabacteroides distasonis,823.3238,SAMN11946190
Parabacteroides distasonis,823.3208,SAMN11946195
Parabacteroides distasonis,823.3207,SAMN11946198
Parabacteroides distasonis,823.3209,SAMN11946197
Parabacteroides distasonis,823.3210,SAMN11946206
Parabacteroides distasonis,823.3203,SAMN11946199
Parabacteroides distasonis,823.3211,SAMN11946205
Parabacteroides distasonis,823.3202,SAMN11946209
Parabacteroides distasonis,823.3205,SAMN11946211
Parabacteroides distasonis,823.3201,SAMN11946224
Parabacteroides distasonis,823.3206,SAMN11946220
Parabacteroides distasonis,823.3204,SAMN11946225
Parabacteroides distasonis,823.3198,SAMN11946193
Parabacteroides distasonis,823.3200,SAMN11946187
Parabacteroides distasonis,823.3199,SAMN11946194
Parabacteroides distasonis,823.3218,SAMN11946203
Parabacteroides distasonis,823.3217,SAMN11946202
Parabacteroides distasonis,823.3236,SAMN11946200
Parabacteroides distasonis,823.3235,SAMN11946192
Parabacteroides distasonis,823.3234,SAMN11946201
Parabacteroides distasonis,823.3232,SAMN11946204
Parabacteroides distasonis,823.3233,SAMN11946208
Parabacteroides distasonis,823.3231,SAMN11946207
Parabacteroides distasonis,823.3230,SAMN11946210
Parabacteroides distasonis,823.3229,SAMN11946212
Parabacteroides distasonis,823.3228,SAMN11946213
Parabacteroides distasonis,823.3227,SAMN11946215
Parabacteroides distasonis,823.3224,SAMN11946216
Parabacteroides distasonis,823.3239,SAMN11946214
Parabacteroides distasonis,823.3225,SAMN11946217
Parabacteroides distasonis,823.3223,SAMN11946218
Parabacteroides distasonis,823.3221,SAMN11946223
Parabacteroides distasonis,823.3219,SAMN11946221
Parabacteroides distasonis,823.3220,SAMN11946219
Parabacteroides distasonis,823.3222,SAMN11946222
Parabacteroides goldsteinii,328812.123,SAMN11946232
Parabacteroides goldsteinii,328812.121,SAMN11946235
Parabacteroides goldsteinii,328812.122,SAMN11946228
Parabacteroides goldsteinii,328812.114,SAMN11946231
Parabacteroides goldsteinii,328812.115,SAMN11946226
Parabacteroides goldsteinii,328812.119,SAMN11946227
Parabacteroides goldsteinii,328812.120,SAMN11946229
Parabacteroides goldsteinii,328812.118,SAMN11946230
Parabacteroides goldsteinii,328812.117,SAMN11946234
Parabacteroides goldsteinii,328812.116,SAMN11946236
Parabacteroides merdae,46503.1847,SAMN11946237
Parabacteroides merdae,46503.1872,SAMN11946238
Parabacteroides merdae,46503.1869,SAMN11946239
Parabacteroides merdae,46503.1873,SAMN11946240
Parabacteroides merdae,46503.1870,SAMN11946241
Parabacteroides merdae,46503.1867,SAMN11946242
Parabacteroides merdae,46503.1868,SAMN11946243
Parabacteroides merdae,46503.1866,SAMN11946245
Parabacteroides merdae,46503.1865,SAMN11946244
Parabacteroides merdae,46503.1864,SAMN11946246
Parabacteroides merdae,46503.1863,SAMN11946247
Parabacteroides merdae,46503.1871,SAMN11946248
Parabacteroides merdae,46503.1861,SAMN11946251
Parabacteroides merdae,46503.1862,SAMN11946252
Parabacteroides merdae,46503.1852,SAMN11946253
Parabacteroides merdae,46503.1854,SAMN11946255
Parabacteroides merdae,46503.1853,SAMN11946254
Parabacteroides merdae,46503.1856,SAMN11946256
Parabacteroides merdae,46503.1858,SAMN11946257
Parabacteroides merdae,46503.1857,SAMN11946258
Parabacteroides merdae,46503.1855,SAMN11946259
Parabacteroides merdae,46503.1859,SAMN11946260
Parabacteroides merdae,46503.1860,SAMN11946261
Parabacteroides merdae,46503.1851,SAMN11946263
Parabacteroides merdae,46503.1850,SAMN11946262
Parabacteroides merdae,46503.1848,SAMN11946265
Parabacteroides merdae,46503.1849,SAMN11946264
Parasutterella excrementihominis,487175.60,SAMN11946267
Parasutterella excrementihominis,487175.61,SAMN11946268
Parasutterella excrementihominis,487175.62,SAMN11946269
Parasutterella excrementihominis,487175.63,SAMN11946270
Parasutterella excrementihominis,487175.55,SAMN11946273
Parasutterella excrementihominis,487175.59,SAMN11946271
Parasutterella excrementihominis,487175.57,SAMN11946274
Parasutterella excrementihominis,487175.56,SAMN11946272
Parasutterella excrementihominis,487175.58,SAMN11946277
Parasutterella excrementihominis,487175.50,SAMN11946275
Parasutterella excrementihominis,487175.49,SAMN11946279
Parasutterella excrementihominis,487175.52,SAMN11946278
Parasutterella excrementihominis,487175.53,SAMN11946276
Parasutterella excrementihominis,487175.54,SAMN11946280
Parasutterella excrementihominis,487175.51,SAMN11946281
Phascolarctobacterium faecium,33025.435,SAMN11946299
Phascolarctobacterium faecium,33025.434,SAMN11946301
Phascolarctobacterium faecium,33025.450,SAMN11946285
Phascolarctobacterium faecium,33025.451,SAMN11946284
Phascolarctobacterium faecium,33025.449,SAMN11946286
Phascolarctobacterium faecium,33025.447,SAMN11946289
Phascolarctobacterium faecium,33025.448,SAMN11946288
Phascolarctobacterium faecium,33025.441,SAMN11946291
Phascolarctobacterium faecium,33025.440,SAMN11946287
Phascolarctobacterium faecium,33025.442,SAMN11946290
Phascolarctobacterium faecium,33025.443,SAMN11946293
Phascolarctobacterium faecium,33025.444,SAMN11946292
Phascolarctobacterium faecium,33025.445,SAMN11946294
Phascolarctobacterium faecium,33025.436,SAMN11946296
Phascolarctobacterium faecium,33025.446,SAMN11946295
Phascolarctobacterium faecium,33025.438,SAMN11946297
Phascolarctobacterium faecium,33025.439,SAMN11946298
Phascolarctobacterium faecium,33025.437,SAMN11946300
Proteus mirabilis,584.1251,SAMN11946306
Proteus mirabilis,584.1252,SAMN11946304
Proteus mirabilis,584.1250,SAMN11946303
Proteus mirabilis,584.1249,SAMN11946305
Pseudoflavonifractor sp. BIOML-A1,2584663.3,SAMN11946307
Pseudoflavonifractor sp. BIOML-A11,2584673.3,SAMN11946317
Pseudoflavonifractor sp. BIOML-A13,2584675.3,SAMN11946319
Pseudoflavonifractor sp. BIOML-A14,2584676.3,SAMN11946320
Pseudoflavonifractor sp. BIOML-A15,2584677.3,SAMN11946321
Pseudoflavonifractor sp. BIOML-A16,2584678.3,SAMN11946322
Pseudoflavonifractor sp. BIOML-A17,2584679.3,SAMN11946323
Pseudoflavonifractor sp. BIOML-A18,2584680.3,SAMN11946324
Pseudoflavonifractor sp. BIOML-A19,2584681.3,SAMN11946325
Pseudoflavonifractor sp. BIOML-A3,2584665.3,SAMN11946309
Pseudoflavonifractor sp. BIOML-A4,2584666.3,SAMN11946310
Pseudoflavonifractor sp. BIOML-A5,2584667.3,SAMN11946311
Pseudoflavonifractor sp. BIOML-A6,2584668.3,SAMN11946312
Pseudoflavonifractor sp. BIOML-A7,2584669.3,SAMN11946313
Pseudoflavonifractor sp. BIOML-A8,2584670.3,SAMN11946314
Pseudoflavonifractor sp. BIOML-A9,2584671.3,SAMN11946315
Roseburia faecis,301302.2226,SAMN11946326
Roseburia faecis,301302.2225,SAMN11946327
Roseburia intestinalis,166486.885,SAMN11946328
Ruminococcus bromii,40518.2572,SAMN11946331
Ruminococcus bromii,40518.2574,SAMN11946329
Ruminococcus bromii,40518.2573,SAMN11946330
Ruminococcus faecis,592978.29,SAMN11946332
Ruthenibacterium lactatiformans,1550024.424,SAMN11946341
Ruthenibacterium lactatiformans,1550024.422,SAMN11946340
Ruthenibacterium lactatiformans,1550024.423,SAMN11946342
Ruthenibacterium lactatiformans,1550024.419,SAMN11946345
Ruthenibacterium lactatiformans,1550024.421,SAMN11946343
Ruthenibacterium lactatiformans,1550024.420,SAMN11946344
Ruthenibacterium lactatiformans,1550024.412,SAMN11946346
Ruthenibacterium lactatiformans,1550024.418,SAMN11946349
Ruthenibacterium lactatiformans,1550024.414,SAMN11946350
Ruthenibacterium lactatiformans,1550024.415,SAMN11946351
Ruthenibacterium lactatiformans,1550024.417,SAMN11946352
Ruthenibacterium lactatiformans,1550024.416,SAMN11946353
Ruthenibacterium lactatiformans,1550024.413,SAMN11946354
Sellimonas intestinalis,1653434.90,SAMN11946355
Streptococcus parasanguinis,1318.797,SAMN11946357
Streptococcus parasanguinis,1318.796,SAMN11946356
Streptococcus parasanguinis,1318.798,SAMN11946358
Streptococcus parasanguinis,1318.787,SAMN11946359
Streptococcus parasanguinis,1318.789,SAMN11946360
Streptococcus parasanguinis,1318.791,SAMN11946361
Streptococcus parasanguinis,1318.788,SAMN11946362
Streptococcus parasanguinis,1318.790,SAMN11946363
Streptococcus parasanguinis,1318.795,SAMN11946364
Streptococcus parasanguinis,1318.794,SAMN11946365
Streptococcus parasanguinis,1318.793,SAMN11946366
Streptococcus parasanguinis,1318.792,SAMN11946367
Streptococcus parasanguinis,1318.785,SAMN11946368
Streptococcus parasanguinis,1318.786,SAMN11946370
Streptococcus parasanguinis,1318.782,SAMN11946369
Streptococcus parasanguinis,1318.781,SAMN11946371
Streptococcus parasanguinis,1318.784,SAMN11946372
Streptococcus parasanguinis,1318.783,SAMN11946373
Streptococcus salivarius,1304.1376,SAMN11946374
Streptococcus salivarius,1304.1378,SAMN11946376
Streptococcus salivarius,1304.1377,SAMN11946375
Streptococcus salivarius,1304.1375,SAMN11946377
Streptococcus salivarius,1304.1374,SAMN11946378
Streptococcus salivarius,1304.1373,SAMN11946380
Streptococcus salivarius,1304.1372,SAMN11946379
Streptococcus salivarius,1304.1367,SAMN11946381
Streptococcus salivarius,1304.1368,SAMN11946382
Streptococcus salivarius,1304.1369,SAMN11946383
Streptococcus salivarius,1304.1370,SAMN11946385
Streptococcus salivarius,1304.1365,SAMN11946386
Streptococcus salivarius,1304.1366,SAMN11946387
Streptococcus salivarius,1304.1371,SAMN11946388
Streptococcus salivarius,1304.1362,SAMN11946389
Streptococcus salivarius,1304.1361,SAMN11946390
Streptococcus salivarius,1304.1363,SAMN11946392
Streptococcus salivarius,1304.1364,SAMN11946391
Streptococcus salivarius,1304.1355,SAMN11946393
Streptococcus salivarius,1304.1354,SAMN11946395
Streptococcus salivarius,1304.1353,SAMN11946394
Streptococcus salivarius,1304.1360,SAMN11946396
Streptococcus salivarius,1304.1359,SAMN11946398
Streptococcus salivarius,1304.1358,SAMN11946397
Streptococcus salivarius,1304.1356,SAMN11946401
Streptococcus salivarius,1304.1357,SAMN11946402
Streptococcus salivarius,1304.1351,SAMN11946399
Streptococcus salivarius,1304.1352,SAMN11946403
Streptococcus salivarius,1304.1350,SAMN11946400
Streptococcus salivarius,1304.1349,SAMN11946406
Streptococcus salivarius,1304.1347,SAMN11946404
Streptococcus salivarius,1304.1346,SAMN11946405
Streptococcus salivarius,1304.1345,SAMN11946407
Streptococcus salivarius,1304.1344,SAMN11946408
Streptococcus salivarius,1304.1348,SAMN11946409
Streptococcus sp. BIOML-A1,2584682.3,SAMN11946410
Veillonella dispar,39778.877,SAMN11946665
Veillonella dispar,39778.876,SAMN11946666
Veillonella dispar,39778.875,SAMN11946667
Veillonella parvula,29466.1005,SAMN11946669
Veillonella parvula,29466.1006,SAMN11946668
[Clostridium] innocuum,1522.119,SAMN11945299
[Clostridium] innocuum,1522.118,SAMN11945303
[Clostridium] innocuum,1522.120,SAMN11945300
[Clostridium] innocuum,1522.116,SAMN11945302
[Clostridium] innocuum,1522.117,SAMN11945307
[Clostridium] innocuum,1522.115,SAMN11945306
[Clostridium] innocuum,1522.114,SAMN11945309
[Clostridium] innocuum,1522.113,SAMN11945308
[Clostridium] innocuum,1522.125,SAMN11945298
[Clostridium] innocuum,1522.124,SAMN11945297
[Clostridium] innocuum,1522.123,SAMN11945304
[Clostridium] innocuum,1522.121,SAMN11945301
[Clostridium] innocuum,1522.122,SAMN11945305
[Eubacterium] eligens,39485.1649,SAMN11946047
[Eubacterium] rectale,39491.2478,SAMN11946052
[Eubacterium] rectale,39491.2483,SAMN11946053
[Eubacterium] rectale,39491.2479,SAMN11946051
[Eubacterium] rectale,39491.2482,SAMN11946054
[Eubacterium] rectale,39491.2484,SAMN11946055
[Eubacterium] rectale,39491.2481,SAMN11946057
[Eubacterium] rectale,39491.2480,SAMN11946056
[Eubacterium] rectale,39491.2476,SAMN11946058
[Eubacterium] rectale,39491.2477,SAMN11946059
[Eubacterium] rectale,39491.2473,SAMN11946060
[Eubacterium] rectale,39491.2474,SAMN11946061
[Eubacterium] rectale,39491.2475,SAMN11946062
[Ruminococcus] torques,33039.1030,SAMN11946333
[Ruminococcus] torques,33039.1025,SAMN11946336
[Ruminococcus] torques,33039.1031,SAMN11946334
[Ruminococcus] torques,33039.1028,SAMN11946337
[Ruminococcus] torques,33039.1027,SAMN11946335
[Ruminococcus] torques,33039.1026,SAMN11946339
